[
  {
    "Pwid": "APOLODOE",
    "StartDate": "05/10/2020 12:00:00 AM",
    "EndDate": "05/12/2020 11:59:59 PM",
    "TransactionId": "4669ce3c-887d-46e4-94b1-7135f9c2eec5",
    "TimeSlotList": [
      {
        "Source": 2,
        "InventoryId": null,
        "Id": "114322-100028000-02210900",
        "PartnerPracticeId": null,
        "Pwid": "APOLODOE",
        "OfficeId": "OY4KDKJ",
        "PartnerId": "APOLLO",
        "PartnerProviderId": "114322",
        "PartnerSiteId": "100028000",
        "PartnerDepartmentId": "100028000",
        "PartnerReasonIds": [ "11712228" ],
        "PartnerReasonIdList": "11712228",
        "Time": "2020-05-10T09:00:00",
        "UtcTime": "2020-05-10T14:00:00Z",
        "Length": 0,
        "Type": "New",
        "AppointmentCategory": "N",
        "HasAppointmentReasons": true,
        "ProviderId": "APOLODOE",
        "Url": null
      },
      {
        "Source": 2,
        "InventoryId": null,
        "Id": "114322-100028000-02210930",
        "PartnerPracticeId": null,
        "Pwid": "APOLODOE",
        "OfficeId": "OY4KDKJ",
        "PartnerId": "APOLLO",
        "PartnerProviderId": "114322",
        "PartnerSiteId": "100028000",
        "PartnerDepartmentId": "100028000",
        "PartnerReasonIds": [ "1004" ],
        "PartnerReasonIdList": "1004",
        "Time": "2020-05-10T09:30:00",
        "UtcTime": "2020-05-10T14:30:00Z",
        "Length": 0,
        "Type": "Existing",
        "AppointmentCategory": "E",
        "HasAppointmentReasons": true,
        "ProviderId": "APOLODOE",
        "Url": null
      },
      {
        "Source": 2,
        "InventoryId": null,
        "Id": "114322-100028000-02211000",
        "PartnerPracticeId": null,
        "Pwid": "APOLODOE",
        "OfficeId": "OY4KDKJ",
        "PartnerId": "APOLLO",
        "PartnerProviderId": "114322",
        "PartnerSiteId": "100028000",
        "PartnerDepartmentId": "100028000",
        "PartnerReasonIds": [ "11712228" ],
        "PartnerReasonIdList": "11712228",
        "Time": "2020-05-10T10:00:00",
        "UtcTime": "2020-05-10T15:00:00Z",
        "Length": 0,
        "Type": "New",
        "AppointmentCategory": "N",
        "HasAppointmentReasons": true,
        "ProviderId": "APOLODOE",
        "Url": null
      },
      {
        "Source": 2,
        "InventoryId": null,
        "Id": "114322-100028000-02211030",
        "PartnerPracticeId": null,
        "Pwid": "APOLODOE",
        "OfficeId": "OY4KDKJ",
        "PartnerId": "APOLLO",
        "PartnerProviderId": "114322",
        "PartnerSiteId": "100028000",
        "PartnerDepartmentId": "100028000",
        "PartnerReasonIds": [ "1004" ],
        "PartnerReasonIdList": "1004",
        "Time": "2020-05-10T10:30:00",
        "UtcTime": "2020-05-10T15:30:00Z",
        "Length": 0,
        "Type": "Existing",
        "AppointmentCategory": "E",
        "HasAppointmentReasons": true,
        "ProviderId": "APOLODOE",
        "Url": null
      },
      {
        "Source": 2,
        "InventoryId": null,
        "Id": "114322-100028000-02211200",
        "PartnerPracticeId": null,
        "Pwid": "APOLODOE",
        "OfficeId": "OY4KDKJ",
        "PartnerId": "APOLLO",
        "PartnerProviderId": "114322",
        "PartnerSiteId": "100028000",
        "PartnerDepartmentId": "100028000",
        "PartnerReasonIds": [ "11712228" ],
        "PartnerReasonIdList": "11712228",
        "Time": "2020-05-10T12:00:00",
        "UtcTime": "2020-05-10T17:00:00Z",
        "Length": 0,
        "Type": "New",
        "AppointmentCategory": "N",
        "HasAppointmentReasons": true,
        "ProviderId": "APOLODOE",
        "Url": null
      },
      {
        "Source": 2,
        "InventoryId": null,
        "Id": "114322-100028000-02211230",
        "PartnerPracticeId": null,
        "Pwid": "APOLODOE",
        "OfficeId": "OY4KDKJ",
        "PartnerId": "APOLLO",
        "PartnerProviderId": "114322",
        "PartnerSiteId": "100028000",
        "PartnerDepartmentId": "100028000",
        "PartnerReasonIds": [ "1004" ],
        "PartnerReasonIdList": "1004",
        "Time": "2020-05-10T12:30:00",
        "UtcTime": "2020-05-10T17:30:00Z",
        "Length": 0,
        "Type": "Existing",
        "AppointmentCategory": "E",
        "HasAppointmentReasons": true,
        "ProviderId": "APOLODOE",
        "Url": null
      },
      {
        "Source": 2,
        "InventoryId": null,
        "Id": "114322-100028000-02211300",
        "PartnerPracticeId": null,
        "Pwid": "APOLODOE",
        "OfficeId": "OY4KDKJ",
        "PartnerId": "APOLLO",
        "PartnerProviderId": "114322",
        "PartnerSiteId": "100028000",
        "PartnerDepartmentId": "100028000",
        "PartnerReasonIds": [ "11712228" ],
        "PartnerReasonIdList": "11712228",
        "Time": "2020-05-10T13:00:00",
        "UtcTime": "2020-05-10T18:00:00Z",
        "Length": 0,
        "Type": "New",
        "AppointmentCategory": "N",
        "HasAppointmentReasons": true,
        "ProviderId": "APOLODOE",
        "Url": null
      },
      {
        "Source": 2,
        "InventoryId": null,
        "Id": "114322-100028000-02211330",
        "PartnerPracticeId": null,
        "Pwid": "APOLODOE",
        "OfficeId": "OY4KDKJ",
        "PartnerId": "APOLLO",
        "PartnerProviderId": "114322",
        "PartnerSiteId": "100028000",
        "PartnerDepartmentId": "100028000",
        "PartnerReasonIds": [ "1004" ],
        "PartnerReasonIdList": "1004",
        "Time": "2020-05-10T13:30:00",
        "UtcTime": "2020-05-10T18:30:00Z",
        "Length": 0,
        "Type": "Existing",
        "AppointmentCategory": "E",
        "HasAppointmentReasons": true,
        "ProviderId": "APOLODOE",
        "Url": null
      },
      {
        "Source": 2,
        "InventoryId": null,
        "Id": "114322-100028000-02211400",
        "PartnerPracticeId": null,
        "Pwid": "APOLODOE",
        "OfficeId": "OY4KDKJ",
        "PartnerId": "APOLLO",
        "PartnerProviderId": "114322",
        "PartnerSiteId": "100028000",
        "PartnerDepartmentId": "100028000",
        "PartnerReasonIds": [ "11712228" ],
        "PartnerReasonIdList": "11712228",
        "Time": "2020-05-10T14:00:00",
        "UtcTime": "2020-05-10T19:00:00Z",
        "Length": 0,
        "Type": "New",
        "AppointmentCategory": "N",
        "HasAppointmentReasons": true,
        "ProviderId": "APOLODOE",
        "Url": null
      },
      {
        "Source": 2,
        "InventoryId": null,
        "Id": "114322-100028000-02211430",
        "PartnerPracticeId": null,
        "Pwid": "APOLODOE",
        "OfficeId": "OY4KDKJ",
        "PartnerId": "APOLLO",
        "PartnerProviderId": "114322",
        "PartnerSiteId": "100028000",
        "PartnerDepartmentId": "100028000",
        "PartnerReasonIds": [ "1004" ],
        "PartnerReasonIdList": "1004",
        "Time": "2020-05-10T14:30:00",
        "UtcTime": "2020-05-10T19:30:00Z",
        "Length": 0,
        "Type": "Existing",
        "AppointmentCategory": "E",
        "HasAppointmentReasons": true,
        "ProviderId": "APOLODOE",
        "Url": null
      },
      {
        "Source": 2,
        "InventoryId": null,
        "Id": "114322-100028000-02211500",
        "PartnerPracticeId": null,
        "Pwid": "APOLODOE",
        "OfficeId": "OY4KDKJ",
        "PartnerId": "APOLLO",
        "PartnerProviderId": "114322",
        "PartnerSiteId": "100028000",
        "PartnerDepartmentId": "100028000",
        "PartnerReasonIds": [ "11712228" ],
        "PartnerReasonIdList": "11712228",
        "Time": "2020-05-10T15:00:00",
        "UtcTime": "2020-05-10T20:00:00Z",
        "Length": 0,
        "Type": "New",
        "AppointmentCategory": "N",
        "HasAppointmentReasons": true,
        "ProviderId": "APOLODOE",
        "Url": null
      },
      {
        "Source": 2,
        "InventoryId": null,
        "Id": "114322-100028000-02241400",
        "PartnerPracticeId": null,
        "Pwid": "APOLODOE",
        "OfficeId": "OY4KDKJ",
        "PartnerId": "APOLLO",
        "PartnerProviderId": "114322",
        "PartnerSiteId": "100028000",
        "PartnerDepartmentId": "100028000",
        "PartnerReasonIds": [ "1004" ],
        "PartnerReasonIdList": "1004",
        "Time": "2020-05-11T14:00:00",
        "UtcTime": "2020-05-11T19:00:00Z",
        "Length": 0,
        "Type": "Existing",
        "AppointmentCategory": "E",
        "HasAppointmentReasons": true,
        "ProviderId": "APOLODOE",
        "Url": null
      },
      {
        "Source": 2,
        "InventoryId": null,
        "Id": "114322-100028000-02241430",
        "PartnerPracticeId": null,
        "Pwid": "APOLODOE",
        "OfficeId": "OY4KDKJ",
        "PartnerId": "APOLLO",
        "PartnerProviderId": "114322",
        "PartnerSiteId": "100028000",
        "PartnerDepartmentId": "100028000",
        "PartnerReasonIds": [ "11712228" ],
        "PartnerReasonIdList": "11712228",
        "Time": "2020-05-11T14:30:00",
        "UtcTime": "2020-05-11T19:30:00Z",
        "Length": 0,
        "Type": "New",
        "AppointmentCategory": "N",
        "HasAppointmentReasons": true,
        "ProviderId": "APOLODOE",
        "Url": null
      }
    ],
    "AppointmentReasonlist": [
      {
        "ReasonId": "1003",
        "Reason": "New Patient",
        "Reasontype": "new",
        "Description": "New Patient",
        "AppointmentCategoryId": 0,
        "AppointmentCategoryName": "New",
        "AppointmentDuration": 0,
        "IsDefaultReason": true,
        "ReasonCode": "N"
      },
      {
        "ReasonId": "220",
        "Reason": "New Pulmonary Visit",
        "Reasontype": "new",
        "Description": "New Pulmonary Visit",
        "AppointmentCategoryId": 0,
        "AppointmentCategoryName": "New",
        "AppointmentDuration": 0,
        "IsDefaultReason": false,
        "ReasonCode": "N"
      },
      {
        "ReasonId": "888",
        "Reason": "Oto New Inspire",
        "Reasontype": "new",
        "Description": "Oto New Inspire",
        "AppointmentCategoryId": 0,
        "AppointmentCategoryName": "New",
        "AppointmentDuration": 0,
        "IsDefaultReason": false,
        "ReasonCode": "N"
      },
      {
        "ReasonId": "11710043",
        "Reason": "Oto New Throat",
        "Reasontype": "new",
        "Description": "Oto New Throat",
        "AppointmentCategoryId": 0,
        "AppointmentCategoryName": "New",
        "AppointmentDuration": 0,
        "IsDefaultReason": false,
        "ReasonCode": "N"
      },
      {
        "ReasonId": "11712041",
        "Reason": "Oto New Sleep Apena",
        "Reasontype": "new",
        "Description": "Oto New Sleep Apena",
        "AppointmentCategoryId": 0,
        "AppointmentCategoryName": "New",
        "AppointmentDuration": 0,
        "IsDefaultReason": false,
        "ReasonCode": "N"
      },
      {
        "ReasonId": "1170001134",
        "Reason": "New OB",
        "Reasontype": "new",
        "Description": "New OB",
        "AppointmentCategoryId": 0,
        "AppointmentCategoryName": "New",
        "AppointmentDuration": 0,
        "IsDefaultReason": false,
        "ReasonCode": "N"
      },
      {
        "ReasonId": "117000998",
        "Reason": "New Gyn",
        "Reasontype": "new",
        "Description": "New Gyn",
        "AppointmentCategoryId": 0,
        "AppointmentCategoryName": "New",
        "AppointmentDuration": 0,
        "IsDefaultReason": false,
        "ReasonCode": "N"
      },
      {
        "ReasonId": "218",
        "Reason": "New Sleep Medicine Visit",
        "Reasontype": "new",
        "Description": "New Sleep Medicine Visit",
        "AppointmentCategoryId": 0,
        "AppointmentCategoryName": "New",
        "AppointmentDuration": 0,
        "IsDefaultReason": false,
        "ReasonCode": "N"
      },
      {
        "ReasonId": "11710041",
        "Reason": "Oto New Ear",
        "Reasontype": "new",
        "Description": "Oto New Ear",
        "AppointmentCategoryId": 0,
        "AppointmentCategoryName": "New",
        "AppointmentDuration": 0,
        "IsDefaultReason": false,
        "ReasonCode": "N"
      },
      {
        "ReasonId": "11710042",
        "Reason": "Oto New Nose",
        "Reasontype": "new",
        "Description": "Oto New Nose",
        "AppointmentCategoryId": 0,
        "AppointmentCategoryName": "New",
        "AppointmentDuration": 0,
        "IsDefaultReason": false,
        "ReasonCode": "N"
      },
      {
        "ReasonId": "11710044",
        "Reason": "Oto New Sinus",
        "Reasontype": "new",
        "Description": "Oto New Sinus",
        "AppointmentCategoryId": 0,
        "AppointmentCategoryName": "New",
        "AppointmentDuration": 0,
        "IsDefaultReason": false,
        "ReasonCode": "N"
      },
      {
        "ReasonId": "11710045",
        "Reason": "Oto New Taste & Smell",
        "Reasontype": "new",
        "Description": "Oto New Taste & Smell",
        "AppointmentCategoryId": 0,
        "AppointmentCategoryName": "New",
        "AppointmentDuration": 0,
        "IsDefaultReason": false,
        "ReasonCode": "N"
      },
      {
        "ReasonId": "11712003",
        "Reason": "New Med Onc Patient",
        "Reasontype": "new",
        "Description": "New Med Onc Patient",
        "AppointmentCategoryId": 0,
        "AppointmentCategoryName": "New",
        "AppointmentDuration": 0,
        "IsDefaultReason": false,
        "ReasonCode": "N"
      },
      {
        "ReasonId": "11713000",
        "Reason": "New Cardiology Patient",
        "Reasontype": "new",
        "Description": "New Cardiology Patient",
        "AppointmentCategoryId": 0,
        "AppointmentCategoryName": "New",
        "AppointmentDuration": 0,
        "IsDefaultReason": false,
        "ReasonCode": "N"
      },
      {
        "ReasonId": "11712087",
        "Reason": "New Dermatology",
        "Reasontype": "new",
        "Description": "New Dermatology",
        "AppointmentCategoryId": 0,
        "AppointmentCategoryName": "New",
        "AppointmentDuration": 0,
        "IsDefaultReason": false,
        "ReasonCode": "N"
      },
      {
        "ReasonId": "11712094",
        "Reason": "New Urology Patient",
        "Reasontype": "new",
        "Description": "New Urology Patient",
        "AppointmentCategoryId": 0,
        "AppointmentCategoryName": "New",
        "AppointmentDuration": 0,
        "IsDefaultReason": false,
        "ReasonCode": "N"
      },
      {
        "ReasonId": "11712125",
        "Reason": "New GI",
        "Reasontype": "new",
        "Description": "New GI",
        "AppointmentCategoryId": 0,
        "AppointmentCategoryName": "New",
        "AppointmentDuration": 0,
        "IsDefaultReason": false,
        "ReasonCode": "N"
      },
      {
        "ReasonId": "1004",
        "Reason": "Established Patient Visit",
        "Reasontype": "existing",
        "Description": "Established Patient Visit",
        "AppointmentCategoryId": 0,
        "AppointmentCategoryName": "Existing",
        "AppointmentDuration": 0,
        "IsDefaultReason": false,
        "ReasonCode": "E"
      },
      {
        "ReasonId": "12001",
        "Reason": "Established OB",
        "Reasontype": "existing",
        "Description": "Established OB",
        "AppointmentCategoryId": 0,
        "AppointmentCategoryName": "Existing",
        "AppointmentDuration": 0,
        "IsDefaultReason": false,
        "ReasonCode": "E"
      },
      {
        "ReasonId": "117000999",
        "Reason": "Established Gyn",
        "Reasontype": "existing",
        "Description": "Established Gyn",
        "AppointmentCategoryId": 0,
        "AppointmentCategoryName": "Existing",
        "AppointmentDuration": 0,
        "IsDefaultReason": false,
        "ReasonCode": "E"
      },
      {
        "ReasonId": "345",
        "Reason": "Established Sleep Med Visit",
        "Reasontype": "existing",
        "Description": "Established Sleep Med Visit",
        "AppointmentCategoryId": 0,
        "AppointmentCategoryName": "Existing",
        "AppointmentDuration": 0,
        "IsDefaultReason": false,
        "ReasonCode": "E"
      },
      {
        "ReasonId": "348",
        "Reason": "Established Pulmonary Visit",
        "Reasontype": "existing",
        "Description": "Established Pulmonary Visit",
        "AppointmentCategoryId": 0,
        "AppointmentCategoryName": "Existing",
        "AppointmentDuration": 0,
        "IsDefaultReason": false,
        "ReasonCode": "E"
      },
      {
        "ReasonId": "11712228",
        "Reason": "New Spine Consult",
        "Reasontype": "new",
        "Description": "New Spine Consult",
        "AppointmentCategoryId": 0,
        "AppointmentCategoryName": "New",
        "AppointmentDuration": 0,
        "IsDefaultReason": false,
        "ReasonCode": "N"
      },
      {
        "ReasonId": "11712238",
        "Reason": "Immune Disorders",
        "Reasontype": "new",
        "Description": "Immune Disorders",
        "AppointmentCategoryId": 0,
        "AppointmentCategoryName": "New",
        "AppointmentDuration": 0,
        "IsDefaultReason": false,
        "ReasonCode": "N"
      },
      {
        "ReasonId": "11712124",
        "Reason": "Liver Problem",
        "Reasontype": "new",
        "Description": "Liver Problem",
        "AppointmentCategoryId": 0,
        "AppointmentCategoryName": "New",
        "AppointmentDuration": 0,
        "IsDefaultReason": false,
        "ReasonCode": "N"
      },
      {
        "ReasonId": "11712255",
        "Reason": "Weight Loss Procedure",
        "Reasontype": "new",
        "Description": "Weight Loss Procedure",
        "AppointmentCategoryId": 0,
        "AppointmentCategoryName": "New",
        "AppointmentDuration": 0,
        "IsDefaultReason": false,
        "ReasonCode": "N"
      },
      {
        "ReasonId": "11712247",
        "Reason": "General Infectious Disease",
        "Reasontype": "new",
        "Description": "General Infectious Disease",
        "AppointmentCategoryId": 0,
        "AppointmentCategoryName": "New",
        "AppointmentDuration": 0,
        "IsDefaultReason": false,
        "ReasonCode": "N"
      },
      {
        "ReasonId": "11712196",
        "Reason": "New Surgery Appointment",
        "Reasontype": "new",
        "Description": "New Surgery Appointment",
        "AppointmentCategoryId": 0,
        "AppointmentCategoryName": "New",
        "AppointmentDuration": 0,
        "IsDefaultReason": false,
        "ReasonCode": "N"
      },
      {
        "ReasonId": "11712264",
        "Reason": "New Endocrinology Appointment",
        "Reasontype": "new",
        "Description": "New Endocrinology Appointment",
        "AppointmentCategoryId": 0,
        "AppointmentCategoryName": "New",
        "AppointmentDuration": 0,
        "IsDefaultReason": false,
        "ReasonCode": "N"
      },
      {
        "ReasonId": "11712262",
        "Reason": "New Rheumatology Appointment",
        "Reasontype": "new",
        "Description": "New Rheumatology Appointment",
        "AppointmentCategoryId": 0,
        "AppointmentCategoryName": "New",
        "AppointmentDuration": 0,
        "IsDefaultReason": false,
        "ReasonCode": "N"
      }
    ],
    "CreatedOn": "2020-02-14T10:21:39.5738933Z"
  }
]