[
  {
    "InventoryId": "FORTISJOHN_2020-05-10T09:00_FORTIS_OY54VS2_001_001_001_FORTISJOHN-001-001-2020-05-10T09:00:00_40__O_SHT|Hospital Follow-up_E_Hospital Follow-up",
    "Pwid": "FORTISJOHN",
    "AppointmentDateTime": "2020-05-10T09:00:00.000",
    "AppointmentDateTimeUtc": null
  },
  {
    "InventoryId": "FORTISJOHN_2020-05-10T09:15_FORTIS_OY54VS2_001_001_001_FORTISJOHN-001-001-2020-05-10T09:15:00_40__O_LNG|Annual Physical_O_Annual Physical",
    "Pwid": "FORTISJOHN",
    "AppointmentDateTime": "2020-05-10T09:15:00.000",
    "AppointmentDateTimeUtc": null
  },
  {
    "InventoryId": "FORTISJOHN_2020-05-10T09:15_FORTIS_OY54VS2_001_001_001_FORTISJOHN-001-001-2020-05-10T09:15:00_40__O_LNG|Pre-Op Consult_O_Pre-Op Consult",
    "Pwid": "FORTISJOHN",
    "AppointmentDateTime": "2020-05-10T09:15:00.000",
    "AppointmentDateTimeUtc": null
  },
  {
    "InventoryId": "FORTISJOHN_2020-05-10T09:15_FORTIS_OY54VS2_001_001_001_FORTISJOHN-001-001-2020-05-10T09:15:00_40__O_RET|Return Visit_E_Return Visit",
    "Pwid": "FORTISJOHN",
    "AppointmentDateTime": "2020-05-10T09:15:00.000",
    "AppointmentDateTimeUtc": null
  },
  {
    "InventoryId": "FORTISJOHN_2020-05-10T09:15_FORTIS_OY54VS2_001_001_001_FORTISJOHN-001-001-2020-05-10T09:15:00_40__O_SHT|Hospital Follow-up_E_Hospital Follow-up",
    "Pwid": "FORTISJOHN",
    "AppointmentDateTime": "2020-05-10T09:15:00.000",
    "AppointmentDateTimeUtc": null
  },
  {
    "InventoryId": "FORTISJOHN_2020-05-10T09:30_FORTIS_OY54VS2_001_001_001_FORTISJOHN-001-001-2020-05-10T09:30:00_30__E_RET|Return Visit_E_Return Visit",
    "Pwid": "FORTISJOHN",
    "AppointmentDateTime": "2020-05-10T09:30:00.000",
    "AppointmentDateTimeUtc": null
  },
  {
    "InventoryId": "FORTISJOHN_2020-05-10T09:30_FORTIS_OY54VS2_001_001_001_FORTISJOHN-001-001-2020-05-10T09:30:00_30__E_SHT|Hospital Follow-up_E_Hospital Follow-up",
    "Pwid": "FORTISJOHN",
    "AppointmentDateTime": "2020-05-10T09:30:00.000",
    "AppointmentDateTimeUtc": null
  },
  {
    "InventoryId": "FORTISJOHN_2020-05-10T10:00_FORTIS_OY54VS2_001_001_001_FORTISJOHN-001-001-2020-05-10T10:00:00_60__O_NEW|Physical_N_Physical",
    "Pwid": "FORTISJOHN",
    "AppointmentDateTime": "2020-05-10T10:00:00.000",
    "AppointmentDateTimeUtc": null
  },
  {
    "InventoryId": "FORTISJOHN_2020-05-10T10:00_FORTIS_OY54VS2_001_001_001_FORTISJOHN-001-001-2020-05-10T10:00:00_60__O_RET|Return Visit_E_Return Visit",
    "Pwid": "FORTISJOHN",
    "AppointmentDateTime": "2020-05-10T10:00:00.000",
    "AppointmentDateTimeUtc": null
  },
  {
    "InventoryId": "FORTISJOHN_2020-05-10T10:15_FORTIS_OY54VS2_001_001_001_FORTISJOHN-001-001-2020-05-10T10:15:00_60__O_NEW|Physical_N_Physical",
    "Pwid": "FORTISJOHN",
    "AppointmentDateTime": "2020-05-10T10:15:00.000",
    "AppointmentDateTimeUtc": null
  },
  {
    "InventoryId": "FORTISJOHN_2020-05-10T10:15_FORTIS_OY54VS2_001_001_001_FORTISJOHN-001-001-2020-05-10T10:15:00_60__O_RET|Return Visit_E_Return Visit",
    "Pwid": "FORTISJOHN",
    "AppointmentDateTime": "2020-05-10T10:15:00.000",
    "AppointmentDateTimeUtc": null
  },
  {
    "InventoryId": "FORTISJOHN_2020-05-10T10:30_FORTIS_OY54VS2_001_001_001_FORTISJOHN-001-001-2020-05-10T10:30:00_60__O_NEW|Physical_N_Physical",
    "Pwid": "FORTISJOHN",
    "AppointmentDateTime": "2020-05-10T10:30:00.000",
    "AppointmentDateTimeUtc": null
  },
  {
    "InventoryId": "FORTISJOHN_2020-05-10T10:30_FORTIS_OY54VS2_001_001_001_FORTISJOHN-001-001-2020-05-10T10:30:00_60__O_RET|Return Visit_E_Return Visit",
    "Pwid": "FORTISJOHN",
    "AppointmentDateTime": "2020-05-10T10:30:00.000",
    "AppointmentDateTimeUtc": null
  },
  {
    "InventoryId": "FORTISJOHN_2020-05-10T10:45_FORTIS_OY54VS2_001_001_001_FORTISJOHN-001-001-2020-05-10T10:45:00_60__O_NEW|Physical_N_Physical",
    "Pwid": "FORTISJOHN",
    "AppointmentDateTime": "2020-05-10T10:45:00.000",
    "AppointmentDateTimeUtc": null
  },
  {
    "InventoryId": "FORTISJOHN_2020-05-10T10:45_FORTIS_OY54VS2_001_001_001_FORTISJOHN-001-001-2020-05-10T10:45:00_60__O_RET|Return Visit_E_Return Visit",
    "Pwid": "FORTISJOHN",
    "AppointmentDateTime": "2020-05-10T10:45:00.000",
    "AppointmentDateTimeUtc": null
  },
  {
    "InventoryId": "FORTISJOHN_2020-05-10T11:00_FORTIS_OY54VS2_001_001_001_FORTISJOHN-001-001-2020-05-10T11:00:00_60__O_NEW|Physical_N_Physical",
    "Pwid": "FORTISJOHN",
    "AppointmentDateTime": "2020-05-10T11:00:00.000",
    "AppointmentDateTimeUtc": null
  },
  {
    "InventoryId": "FORTISJOHN_2020-05-10T11:00_FORTIS_OY54VS2_001_001_001_FORTISJOHN-001-001-2020-05-10T11:00:00_60__O_RET|Return Visit_E_Return Visit",
    "Pwid": "FORTISJOHN",
    "AppointmentDateTime": "2020-05-10T11:00:00.000",
    "AppointmentDateTimeUtc": null
  },
  {
    "InventoryId": "FORTISJOHN_2020-05-10T11:15_FORTIS_OY54VS2_001_001_001_FORTISJOHN-001-001-2020-05-10T11:15:00_30__E_RET|Return Visit_E_Return Visit",
    "Pwid": "FORTISJOHN",
    "AppointmentDateTime": "2020-05-10T11:15:00.000",
    "AppointmentDateTimeUtc": null
  },
  {
    "InventoryId": "FORTISJOHN_2020-05-10T11:30_FORTIS_OY54VS2_001_001_001_FORTISJOHN-001-001-2020-05-10T11:30:00_30__E_RET|Return Visit_E_Return Visit",
    "Pwid": "FORTISJOHN",
    "AppointmentDateTime": "2020-05-10T11:30:00.000",
    "AppointmentDateTimeUtc": null
  }
]