{
	"ProviderStrategy": [{
		"PutRequest": {
			"Item": {
				"Id": {
					"S": "RS01"
				},
				"ProviderId": {
					"S": "FORT0001"
				},
				"StartOffset": {
					"S": "0"
				},
				"EndOffset": {
					"S": "14"
				},
				"Interval": {
					"S": "15"
				},
				"NextUpdate": {
					"S": "2020-03-01T03:06:46.1527840Z"
				},
				"PartnerCode": {
					"S": "FORTIS"
				}
			}
		}
	},
	{
		"PutRequest": {
			"Item": {
				"Id": {
					"S": "RS02"
				},
				"ProviderId": {
					"S": "FORT0001"
				},
				"StartOffset": {
					"S": "15"
				},
				"EndOffset": {
					"S": "29"
				},
				"Interval": {
					"S": "60"
				},
				"NextUpdate": {
					"S": "2020-03-01T03:06:46.1527840Z"
				},
				"PartnerCode": {
					"S": "FORTIS"
				}
			}
		}
	},
	{
		"PutRequest": {
			"Item": {
				"Id": {
					"S": "RS03"
				},
				"ProviderId": {
					"S": "FORT0001"
				},
				"StartOffset": {
					"S": "30"
				},
				"EndOffset": {
					"S": "59"
				},
				"Interval": {
					"S": "120"
				},
				"NextUpdate": {
					"S": "2020-03-01T03:06:46.1527840Z"
				},
				"PartnerCode": {
					"S": "FORTIS"
				}
			}
		}
	},
	{
		"PutRequest": {
			"Item": {
				"Id": {
					"S": "RS04"
				},
				"ProviderId": {
					"S": "APOL0001"
				},
				"StartOffset": {
					"S": "0"
				},
				"EndOffset": {
					"S": "14"
				},
				"Interval": {
					"S": "15"
				},
				"NextUpdate": {
					"S": "2020-03-01T03:06:46.1527840Z"
				},
				"PartnerCode": {
					"S": "APOLLO"
				}
			}
		}
	},
	{
		"PutRequest": {
			"Item": {
				"Id": {
					"S": "RS05"
				},
				"ProviderId": {
					"S": "APOL0001"
				},
				"StartOffset": {
					"S": "15"
				},
				"EndOffset": {
					"S": "29"
				},
				"Interval": {
					"S": "60"
				},
				"NextUpdate": {
					"S": "2020-03-01T03:06:46.1527840Z"
				},
				"PartnerCode": {
					"S": "APOLLO"
				}
			}
		}
	},
	{
		"PutRequest": {
			"Item": {
				"Id": {
					"S": "RS06"
				},
				"ProviderId": {
					"S": "APOL0001"
				},
				"StartOffset": {
					"S": "30"
				},
				"EndOffset": {
					"S": "59"
				},
				"Interval": {
					"S": "120"
				},
				"NextUpdate": {
					"S": "2020-03-01T03:06:46.1527840Z"
				},
				"PartnerCode": {
					"S": "APOLLO"
				}
			}
		}
	}
	]
}
